pointID,FRP,datetime,TREATMENT_ID,AQ_ID,burn,pile_burn,broadcast_burn,ACTIVITY_START,ACTIVITY_END,day_from_st,n_days,day_decimal
216996,1.59,2020-02-22T20:54:00Z,724,73962,TRUE,TRUE,FALSE,2020-02-20T00:00:00Z,2020-02-28T00:00:00Z,3,8,0.375
2283,2.7,2020-03-16T21:18:00Z,724,80101,TRUE,TRUE,FALSE,2020-03-02T00:00:00Z,2020-03-30T00:00:00Z,15,28,0.535714286
27,5.2,2020-01-02T21:00:00Z,9709,64978,TRUE,TRUE,FALSE,2020-01-02T00:00:00Z,2020-01-09T00:00:00Z,1,7,0.142857143
60,3.2,2020-01-03T20:42:00Z,9709,64978,TRUE,TRUE,FALSE,2020-01-02T00:00:00Z,2020-01-09T00:00:00Z,2,7,0.285714286
215539,3.04,2020-01-02T20:12:00Z,9709,64978,TRUE,TRUE,FALSE,2020-01-02T00:00:00Z,2020-01-09T00:00:00Z,1,7,0.142857143
215632,4.83,2020-01-06T20:36:00Z,9709,64978,TRUE,TRUE,FALSE,2020-01-02T00:00:00Z,2020-01-09T00:00:00Z,5,7,0.714285714
215980,2.65,2020-01-15T21:06:00Z,9709,64979,TRUE,TRUE,FALSE,2020-01-10T00:00:00Z,2020-01-17T00:00:00Z,6,7,0.857142857
216024,2.88,2020-01-22T20:36:00Z,9709,64980,TRUE,TRUE,FALSE,2020-01-18T00:00:00Z,2020-01-23T00:00:00Z,5,5,1
1312,4.4,2020-02-18T21:24:00Z,9709,74270,TRUE,TRUE,FALSE,2020-02-01T00:00:00Z,2020-02-21T00:00:00Z,18,20,0.9
1313,4.4,2020-02-18T21:24:00Z,9709,74270,TRUE,TRUE,FALSE,2020-02-01T00:00:00Z,2020-02-21T00:00:00Z,18,20,0.9
1314,4.1,2020-02-18T21:24:00Z,9709,74270,TRUE,TRUE,FALSE,2020-02-01T00:00:00Z,2020-02-21T00:00:00Z,18,20,0.9
1315,14.6,2020-02-18T21:24:00Z,9709,74270,TRUE,TRUE,FALSE,2020-02-01T00:00:00Z,2020-02-21T00:00:00Z,18,20,0.9
1345,1.8,2020-02-19T21:00:00Z,9709,74270,TRUE,TRUE,FALSE,2020-02-01T00:00:00Z,2020-02-21T00:00:00Z,19,20,0.95
1346,3.2,2020-02-19T21:00:00Z,9709,74270,TRUE,TRUE,FALSE,2020-02-01T00:00:00Z,2020-02-21T00:00:00Z,19,20,0.95
216814,4.86,2020-02-18T20:30:00Z,9709,74270,TRUE,TRUE,FALSE,2020-02-01T00:00:00Z,2020-02-21T00:00:00Z,18,20,0.9
216815,4.86,2020-02-18T20:30:00Z,9709,74270,TRUE,TRUE,FALSE,2020-02-01T00:00:00Z,2020-02-21T00:00:00Z,18,20,0.9
216817,7.4,2020-02-18T20:30:00Z,9709,74270,TRUE,TRUE,FALSE,2020-02-01T00:00:00Z,2020-02-21T00:00:00Z,18,20,0.9
216818,7.4,2020-02-18T20:30:00Z,9709,74270,TRUE,TRUE,FALSE,2020-02-01T00:00:00Z,2020-02-21T00:00:00Z,18,20,0.9
216819,9.22,2020-02-18T20:30:00Z,9709,74270,TRUE,TRUE,FALSE,2020-02-01T00:00:00Z,2020-02-21T00:00:00Z,18,20,0.9
216820,29.34,2020-02-18T20:30:00Z,9709,74270,TRUE,TRUE,FALSE,2020-02-01T00:00:00Z,2020-02-21T00:00:00Z,18,20,0.9
216822,9.22,2020-02-18T20:30:00Z,9709,74270,TRUE,TRUE,FALSE,2020-02-01T00:00:00Z,2020-02-21T00:00:00Z,18,20,0.9
216823,7.45,2020-02-18T20:30:00Z,9709,74270,TRUE,TRUE,FALSE,2020-02-01T00:00:00Z,2020-02-21T00:00:00Z,18,20,0.9
216824,9.55,2020-02-18T20:30:00Z,9709,74270,TRUE,TRUE,FALSE,2020-02-01T00:00:00Z,2020-02-21T00:00:00Z,18,20,0.9
216825,9.55,2020-02-18T20:30:00Z,9709,74270,TRUE,TRUE,FALSE,2020-02-01T00:00:00Z,2020-02-21T00:00:00Z,18,20,0.9
216826,3.38,2020-02-18T20:30:00Z,9709,74270,TRUE,TRUE,FALSE,2020-02-01T00:00:00Z,2020-02-21T00:00:00Z,18,20,0.9
216827,14.58,2020-02-18T20:30:00Z,9709,74270,TRUE,TRUE,FALSE,2020-02-01T00:00:00Z,2020-02-21T00:00:00Z,18,20,0.9
216828,14.58,2020-02-18T20:30:00Z,9709,74270,TRUE,TRUE,FALSE,2020-02-01T00:00:00Z,2020-02-21T00:00:00Z,18,20,0.9
216829,14.58,2020-02-18T20:30:00Z,9709,74270,TRUE,TRUE,FALSE,2020-02-01T00:00:00Z,2020-02-21T00:00:00Z,18,20,0.9
228,2.5,2020-01-07T21:06:00Z,9196,65998,TRUE,TRUE,FALSE,2020-01-01T00:00:00Z,2020-01-31T00:00:00Z,7,30,0.233333333
229,2.5,2020-01-07T21:06:00Z,9196,65998,TRUE,TRUE,FALSE,2020-01-01T00:00:00Z,2020-01-31T00:00:00Z,7,30,0.233333333
230,5.9,2020-01-07T21:06:00Z,9196,65998,TRUE,TRUE,FALSE,2020-01-01T00:00:00Z,2020-01-31T00:00:00Z,7,30,0.233333333
217952,2.03,2020-03-29T21:18:00Z,9196,79780,TRUE,TRUE,FALSE,2020-03-01T00:00:00Z,2020-03-31T00:00:00Z,29,30,0.966666667
1247,3.6,2020-02-16T22:00:00Z,8502,271821,TRUE,FALSE,TRUE,2020-01-01T00:00:00Z,2020-06-30T00:00:00Z,47,181,0.259668508
1507,11,2020-02-23T21:30:00Z,8502,271821,TRUE,FALSE,TRUE,2020-01-01T00:00:00Z,2020-06-30T00:00:00Z,54,181,0.298342541
216754,4.41,2020-02-16T21:06:00Z,8502,271821,TRUE,FALSE,TRUE,2020-01-01T00:00:00Z,2020-06-30T00:00:00Z,47,181,0.259668508
216755,4.41,2020-02-16T21:06:00Z,8502,271821,TRUE,FALSE,TRUE,2020-01-01T00:00:00Z,2020-06-30T00:00:00Z,47,181,0.259668508
90,11,2020-01-06T19:48:00Z,10060,66606,TRUE,TRUE,FALSE,2020-01-02T00:00:00Z,2020-01-31T00:00:00Z,5,29,0.172413793
91,8.8,2020-01-06T19:48:00Z,10060,66606,TRUE,TRUE,FALSE,2020-01-02T00:00:00Z,2020-01-31T00:00:00Z,5,29,0.172413793
92,8.8,2020-01-06T19:48:00Z,10060,66606,TRUE,TRUE,FALSE,2020-01-02T00:00:00Z,2020-01-31T00:00:00Z,5,29,0.172413793
93,8.8,2020-01-06T19:48:00Z,10060,66606,TRUE,TRUE,FALSE,2020-01-02T00:00:00Z,2020-01-31T00:00:00Z,5,29,0.172413793
106,28.9,2020-01-06T21:24:00Z,10060,66606,TRUE,TRUE,FALSE,2020-01-02T00:00:00Z,2020-01-31T00:00:00Z,5,29,0.172413793
139,0.5,2020-01-07T09:48:00Z,10060,66606,TRUE,TRUE,FALSE,2020-01-02T00:00:00Z,2020-01-31T00:00:00Z,6,29,0.206896552
140,0.8,2020-01-07T09:48:00Z,10060,66606,TRUE,TRUE,FALSE,2020-01-02T00:00:00Z,2020-01-31T00:00:00Z,6,29,0.206896552
231,12.5,2020-01-07T21:06:00Z,10060,66606,TRUE,TRUE,FALSE,2020-01-02T00:00:00Z,2020-01-31T00:00:00Z,6,29,0.206896552
232,8.2,2020-01-07T21:06:00Z,10060,66606,TRUE,TRUE,FALSE,2020-01-02T00:00:00Z,2020-01-31T00:00:00Z,6,29,0.206896552
574,6.1,2020-01-24T20:48:00Z,10060,66606,TRUE,TRUE,FALSE,2020-01-02T00:00:00Z,2020-01-31T00:00:00Z,23,29,0.793103448
575,12,2020-01-24T20:48:00Z,10060,66606,TRUE,TRUE,FALSE,2020-01-02T00:00:00Z,2020-01-31T00:00:00Z,23,29,0.793103448
694,11.6,2020-01-29T20:54:00Z,10060,66606,TRUE,TRUE,FALSE,2020-01-02T00:00:00Z,2020-01-31T00:00:00Z,28,29,0.965517241
708,7.7,2020-01-30T20:36:00Z,10060,66606,TRUE,TRUE,FALSE,2020-01-02T00:00:00Z,2020-01-31T00:00:00Z,29,29,1
215613,25.6,2020-01-06T20:36:00Z,10060,66606,TRUE,TRUE,FALSE,2020-01-02T00:00:00Z,2020-01-31T00:00:00Z,5,29,0.172413793
215614,19.32,2020-01-06T20:36:00Z,10060,66606,TRUE,TRUE,FALSE,2020-01-02T00:00:00Z,2020-01-31T00:00:00Z,5,29,0.172413793
215615,25.6,2020-01-06T20:36:00Z,10060,66606,TRUE,TRUE,FALSE,2020-01-02T00:00:00Z,2020-01-31T00:00:00Z,5,29,0.172413793
215616,41.58,2020-01-06T20:36:00Z,10060,66606,TRUE,TRUE,FALSE,2020-01-02T00:00:00Z,2020-01-31T00:00:00Z,5,29,0.172413793
215667,10.7,2020-01-07T20:18:00Z,10060,66606,TRUE,TRUE,FALSE,2020-01-02T00:00:00Z,2020-01-31T00:00:00Z,6,29,0.206896552
215668,10.7,2020-01-07T20:18:00Z,10060,66606,TRUE,TRUE,FALSE,2020-01-02T00:00:00Z,2020-01-31T00:00:00Z,6,29,0.206896552
215669,17.6,2020-01-07T20:18:00Z,10060,66606,TRUE,TRUE,FALSE,2020-01-02T00:00:00Z,2020-01-31T00:00:00Z,6,29,0.206896552
215797,0.56,2020-01-10T09:42:00Z,10060,66606,TRUE,TRUE,FALSE,2020-01-02T00:00:00Z,2020-01-31T00:00:00Z,9,29,0.310344828
215827,3.88,2020-01-10T21:00:00Z,10060,66606,TRUE,TRUE,FALSE,2020-01-02T00:00:00Z,2020-01-31T00:00:00Z,9,29,0.310344828
215828,3.88,2020-01-10T21:00:00Z,10060,66606,TRUE,TRUE,FALSE,2020-01-02T00:00:00Z,2020-01-31T00:00:00Z,9,29,0.310344828
216063,6.53,2020-01-24T21:36:00Z,10060,66606,TRUE,TRUE,FALSE,2020-01-02T00:00:00Z,2020-01-31T00:00:00Z,23,29,0.793103448
216064,5.41,2020-01-24T21:36:00Z,10060,66606,TRUE,TRUE,FALSE,2020-01-02T00:00:00Z,2020-01-31T00:00:00Z,23,29,0.793103448
216190,3.74,2020-01-29T20:06:00Z,10060,66606,TRUE,TRUE,FALSE,2020-01-02T00:00:00Z,2020-01-31T00:00:00Z,28,29,0.965517241
216191,7.77,2020-01-29T20:06:00Z,10060,66606,TRUE,TRUE,FALSE,2020-01-02T00:00:00Z,2020-01-31T00:00:00Z,28,29,0.965517241
777,8.1,2020-02-03T21:00:00Z,10060,73319,TRUE,TRUE,FALSE,2020-02-03T00:00:00Z,2020-02-04T00:00:00Z,1,1,1
2657,3.9,2020-04-16T19:54:00Z,10060,87459,TRUE,TRUE,FALSE,2020-04-16T00:00:00Z,2020-04-30T00:00:00Z,1,14,0.071428571
2782,5.3,2020-04-24T20:42:00Z,10060,87459,TRUE,TRUE,FALSE,2020-04-16T00:00:00Z,2020-04-30T00:00:00Z,9,14,0.642857143
218202,7.08,2020-04-16T20:42:00Z,10060,87459,TRUE,TRUE,FALSE,2020-04-16T00:00:00Z,2020-04-30T00:00:00Z,1,14,0.071428571
2518,6.1,2020-04-03T20:36:00Z,10060,348562,TRUE,TRUE,FALSE,2020-04-02T00:00:00Z,2020-04-27T00:00:00Z,2,25,0.08
2519,6.1,2020-04-03T20:36:00Z,10060,348562,TRUE,TRUE,FALSE,2020-04-02T00:00:00Z,2020-04-27T00:00:00Z,2,25,0.08
2636,3.2,2020-04-15T20:12:00Z,10060,348562,TRUE,TRUE,FALSE,2020-04-02T00:00:00Z,2020-04-27T00:00:00Z,14,25,0.56
2638,3.2,2020-04-15T20:12:00Z,10060,348562,TRUE,TRUE,FALSE,2020-04-02T00:00:00Z,2020-04-27T00:00:00Z,14,25,0.56
2657,3.9,2020-04-16T19:54:00Z,10060,348562,TRUE,TRUE,FALSE,2020-04-02T00:00:00Z,2020-04-27T00:00:00Z,15,25,0.6
2782,5.3,2020-04-24T20:42:00Z,10060,348562,TRUE,TRUE,FALSE,2020-04-02T00:00:00Z,2020-04-27T00:00:00Z,23,25,0.92
218010,11.92,2020-04-02T21:48:00Z,10060,348562,TRUE,TRUE,FALSE,2020-04-02T00:00:00Z,2020-04-27T00:00:00Z,1,25,0.04
218037,21.39,2020-04-03T21:24:00Z,10060,348562,TRUE,TRUE,FALSE,2020-04-02T00:00:00Z,2020-04-27T00:00:00Z,2,25,0.08
218056,0.63,2020-04-04T09:48:00Z,10060,348562,TRUE,TRUE,FALSE,2020-04-02T00:00:00Z,2020-04-27T00:00:00Z,3,25,0.12
218057,0.63,2020-04-04T09:48:00Z,10060,348562,TRUE,TRUE,FALSE,2020-04-02T00:00:00Z,2020-04-27T00:00:00Z,3,25,0.12
218174,13.59,2020-04-15T21:00:00Z,10060,348562,TRUE,TRUE,FALSE,2020-04-02T00:00:00Z,2020-04-27T00:00:00Z,14,25,0.56
218202,7.08,2020-04-16T20:42:00Z,10060,348562,TRUE,TRUE,FALSE,2020-04-02T00:00:00Z,2020-04-27T00:00:00Z,15,25,0.6
1189,2.3,2020-02-14T20:54:00Z,9951,74267,TRUE,TRUE,FALSE,2020-01-26T00:00:00Z,2020-02-25T00:00:00Z,20,30,0.666666667
2364,3.2,2020-03-23T20:42:00Z,9951,83879,TRUE,TRUE,FALSE,2020-02-26T00:00:00Z,2020-03-25T00:00:00Z,27,28,0.964285714
2365,3.2,2020-03-23T20:42:00Z,9951,83879,TRUE,TRUE,FALSE,2020-02-26T00:00:00Z,2020-03-25T00:00:00Z,27,28,0.964285714
2596,0.4,2020-04-14T09:12:00Z,9951,87413,TRUE,TRUE,FALSE,2020-03-26T00:00:00Z,2020-04-25T00:00:00Z,20,30,0.666666667
1159,3.3,2020-02-13T21:12:00Z,9655,72671,TRUE,FALSE,TRUE,2020-02-01T00:00:00Z,2020-02-26T00:00:00Z,13,25,0.52
1410,3.9,2020-02-20T20:42:00Z,9655,72671,TRUE,FALSE,TRUE,2020-02-01T00:00:00Z,2020-02-26T00:00:00Z,20,25,0.8
216947,3.54,2020-02-21T21:12:00Z,9655,72671,TRUE,FALSE,TRUE,2020-02-01T00:00:00Z,2020-02-26T00:00:00Z,21,25,0.84
214702,5.1,2020-12-02T21:18:00Z,9655,138657,TRUE,FALSE,TRUE,2020-12-01T00:00:00Z,2020-12-31T00:00:00Z,2,30,0.066666667
1857,2.9,2020-03-02T20:36:00Z,10123,78745,TRUE,TRUE,FALSE,2020-03-01T00:00:00Z,2020-03-26T00:00:00Z,2,25,0.08
1992,3.9,2020-03-05T21:18:00Z,10123,78745,TRUE,TRUE,FALSE,2020-03-01T00:00:00Z,2020-03-26T00:00:00Z,5,25,0.2
2070,3.8,2020-03-06T21:00:00Z,10123,78745,TRUE,TRUE,FALSE,2020-03-01T00:00:00Z,2020-03-26T00:00:00Z,6,25,0.24
2071,3.8,2020-03-06T21:00:00Z,10123,78745,TRUE,TRUE,FALSE,2020-03-01T00:00:00Z,2020-03-26T00:00:00Z,6,25,0.24
217357,3.4,2020-03-02T21:24:00Z,10123,78745,TRUE,TRUE,FALSE,2020-03-01T00:00:00Z,2020-03-26T00:00:00Z,2,25,0.08
217621,2.46,2020-03-06T20:12:00Z,10123,78745,TRUE,TRUE,FALSE,2020-03-01T00:00:00Z,2020-03-26T00:00:00Z,6,25,0.24
215637,4.66,2020-01-06T20:36:00Z,10178,62427,TRUE,TRUE,FALSE,2020-01-01T00:00:00Z,2020-01-17T00:00:00Z,6,16,0.375
216426,4.17,2020-02-06T20:54:00Z,10178,68181,TRUE,TRUE,FALSE,2020-02-03T00:00:00Z,2020-02-07T00:00:00Z,4,4,1
217675,1.91,2020-03-09T20:54:00Z,10178,77460,TRUE,TRUE,FALSE,2020-03-09T00:00:00Z,2020-03-13T00:00:00Z,1,4,0.25
217840,1.88,2020-03-19T21:06:00Z,10178,78104,TRUE,TRUE,FALSE,2020-03-16T00:00:00Z,2020-03-20T00:00:00Z,4,4,1
2390,4,2020-03-26T21:30:00Z,10178,79379,TRUE,TRUE,FALSE,2020-03-23T00:00:00Z,2020-03-27T00:00:00Z,4,4,1
217901,3.01,2020-03-24T21:12:00Z,10178,79379,TRUE,TRUE,FALSE,2020-03-23T00:00:00Z,2020-03-27T00:00:00Z,2,4,0.5
217840,1.88,2020-03-19T21:06:00Z,10178,78100,TRUE,TRUE,FALSE,2020-03-16T00:00:00Z,2020-03-20T00:00:00Z,4,4,1
2273,4.8,2020-03-14T20:12:00Z,10178,134741,TRUE,TRUE,FALSE,2020-01-01T00:00:00Z,2020-06-30T00:00:00Z,74,181,0.408839779
2390,4,2020-03-26T21:30:00Z,10178,134741,TRUE,TRUE,FALSE,2020-01-01T00:00:00Z,2020-06-30T00:00:00Z,86,181,0.475138122
4030,7.3,2020-06-19T19:54:00Z,10178,134741,TRUE,TRUE,FALSE,2020-01-01T00:00:00Z,2020-06-30T00:00:00Z,171,181,0.944751381
4036,10.1,2020-06-19T21:36:00Z,10178,134741,TRUE,TRUE,FALSE,2020-01-01T00:00:00Z,2020-06-30T00:00:00Z,171,181,0.944751381
215637,4.66,2020-01-06T20:36:00Z,10178,134741,TRUE,TRUE,FALSE,2020-01-01T00:00:00Z,2020-06-30T00:00:00Z,6,181,0.033149171
216426,4.17,2020-02-06T20:54:00Z,10178,134741,TRUE,TRUE,FALSE,2020-01-01T00:00:00Z,2020-06-30T00:00:00Z,37,181,0.20441989
217675,1.91,2020-03-09T20:54:00Z,10178,134741,TRUE,TRUE,FALSE,2020-01-01T00:00:00Z,2020-06-30T00:00:00Z,69,181,0.38121547
217840,1.88,2020-03-19T21:06:00Z,10178,134741,TRUE,TRUE,FALSE,2020-01-01T00:00:00Z,2020-06-30T00:00:00Z,79,181,0.436464088
217901,3.01,2020-03-24T21:12:00Z,10178,134741,TRUE,TRUE,FALSE,2020-01-01T00:00:00Z,2020-06-30T00:00:00Z,84,181,0.464088398
219624,15.55,2020-06-19T20:42:00Z,10178,134741,TRUE,TRUE,FALSE,2020-01-01T00:00:00Z,2020-06-30T00:00:00Z,171,181,0.944751381
309,3.9,2020-01-10T20:12:00Z,9622,66330,TRUE,TRUE,FALSE,2020-01-01T00:00:00Z,2020-01-31T00:00:00Z,10,30,0.333333333
309,3.9,2020-01-10T20:12:00Z,9622,66334,TRUE,TRUE,FALSE,2020-01-10T00:00:00Z,2020-01-30T00:00:00Z,1,20,0.05
1585,5,2020-02-25T20:48:00Z,10699,78156,TRUE,TRUE,FALSE,2020-02-17T00:00:00Z,2020-02-26T00:00:00Z,9,9,1
216769,3.28,2020-02-17T20:48:00Z,10699,78156,TRUE,TRUE,FALSE,2020-02-17T00:00:00Z,2020-02-26T00:00:00Z,1,9,0.111111111
217029,4.12,2020-02-23T20:36:00Z,10699,78156,TRUE,TRUE,FALSE,2020-02-17T00:00:00Z,2020-02-26T00:00:00Z,7,9,0.777777778
1218,5.3,2020-02-14T20:54:00Z,10699,78147,TRUE,TRUE,FALSE,2020-02-01T00:00:00Z,2020-02-27T00:00:00Z,14,26,0.538461538
1585,5,2020-02-25T20:48:00Z,10699,78147,TRUE,TRUE,FALSE,2020-02-01T00:00:00Z,2020-02-27T00:00:00Z,25,26,0.961538462
216769,3.28,2020-02-17T20:48:00Z,10699,78147,TRUE,TRUE,FALSE,2020-02-01T00:00:00Z,2020-02-27T00:00:00Z,17,26,0.653846154
217029,4.12,2020-02-23T20:36:00Z,10699,78147,TRUE,TRUE,FALSE,2020-02-01T00:00:00Z,2020-02-27T00:00:00Z,23,26,0.884615385
3634,13.4,2020-06-09T21:18:00Z,10416,103070,TRUE,TRUE,FALSE,2020-06-01T00:00:00Z,2020-06-30T00:00:00Z,9,29,0.310344828
3644,11.6,2020-06-09T21:18:00Z,10416,103070,TRUE,TRUE,FALSE,2020-06-01T00:00:00Z,2020-06-30T00:00:00Z,9,29,0.310344828
3709,6.2,2020-06-10T09:42:00Z,10416,103070,TRUE,TRUE,FALSE,2020-06-01T00:00:00Z,2020-06-30T00:00:00Z,10,29,0.344827586
3710,23.4,2020-06-10T09:42:00Z,10416,103070,TRUE,TRUE,FALSE,2020-06-01T00:00:00Z,2020-06-30T00:00:00Z,10,29,0.344827586
3711,6.2,2020-06-10T09:42:00Z,10416,103070,TRUE,TRUE,FALSE,2020-06-01T00:00:00Z,2020-06-30T00:00:00Z,10,29,0.344827586
3712,12,2020-06-10T09:42:00Z,10416,103070,TRUE,TRUE,FALSE,2020-06-01T00:00:00Z,2020-06-30T00:00:00Z,10,29,0.344827586
3713,10.6,2020-06-10T09:42:00Z,10416,103070,TRUE,TRUE,FALSE,2020-06-01T00:00:00Z,2020-06-30T00:00:00Z,10,29,0.344827586
3714,12,2020-06-10T09:42:00Z,10416,103070,TRUE,TRUE,FALSE,2020-06-01T00:00:00Z,2020-06-30T00:00:00Z,10,29,0.344827586
3715,12,2020-06-10T09:42:00Z,10416,103070,TRUE,TRUE,FALSE,2020-06-01T00:00:00Z,2020-06-30T00:00:00Z,10,29,0.344827586
3772,5.4,2020-06-11T09:24:00Z,10416,103070,TRUE,TRUE,FALSE,2020-06-01T00:00:00Z,2020-06-30T00:00:00Z,11,29,0.379310345
3774,2.8,2020-06-11T09:24:00Z,10416,103070,TRUE,TRUE,FALSE,2020-06-01T00:00:00Z,2020-06-30T00:00:00Z,11,29,0.379310345
3786,8.6,2020-06-11T09:24:00Z,10416,103070,TRUE,TRUE,FALSE,2020-06-01T00:00:00Z,2020-06-30T00:00:00Z,11,29,0.379310345
3787,8.6,2020-06-11T09:24:00Z,10416,103070,TRUE,TRUE,FALSE,2020-06-01T00:00:00Z,2020-06-30T00:00:00Z,11,29,0.379310345
3788,8.6,2020-06-11T09:24:00Z,10416,103070,TRUE,TRUE,FALSE,2020-06-01T00:00:00Z,2020-06-30T00:00:00Z,11,29,0.379310345
3789,9.5,2020-06-11T09:24:00Z,10416,103070,TRUE,TRUE,FALSE,2020-06-01T00:00:00Z,2020-06-30T00:00:00Z,11,29,0.379310345
3790,5.2,2020-06-11T09:24:00Z,10416,103070,TRUE,TRUE,FALSE,2020-06-01T00:00:00Z,2020-06-30T00:00:00Z,11,29,0.379310345
3797,12.4,2020-06-11T11:00:00Z,10416,103070,TRUE,TRUE,FALSE,2020-06-01T00:00:00Z,2020-06-30T00:00:00Z,11,29,0.379310345
3798,7.4,2020-06-11T11:00:00Z,10416,103070,TRUE,TRUE,FALSE,2020-06-01T00:00:00Z,2020-06-30T00:00:00Z,11,29,0.379310345
3800,7.8,2020-06-11T20:42:00Z,10416,103070,TRUE,TRUE,FALSE,2020-06-01T00:00:00Z,2020-06-30T00:00:00Z,11,29,0.379310345
3801,7.8,2020-06-11T20:42:00Z,10416,103070,TRUE,TRUE,FALSE,2020-06-01T00:00:00Z,2020-06-30T00:00:00Z,11,29,0.379310345
3802,7.8,2020-06-11T20:42:00Z,10416,103070,TRUE,TRUE,FALSE,2020-06-01T00:00:00Z,2020-06-30T00:00:00Z,11,29,0.379310345
3803,5.1,2020-06-11T20:42:00Z,10416,103070,TRUE,TRUE,FALSE,2020-06-01T00:00:00Z,2020-06-30T00:00:00Z,11,29,0.379310345
3804,5.1,2020-06-11T20:42:00Z,10416,103070,TRUE,TRUE,FALSE,2020-06-01T00:00:00Z,2020-06-30T00:00:00Z,11,29,0.379310345
219170,2.04,2020-06-10T08:48:00Z,10416,103070,TRUE,TRUE,FALSE,2020-06-01T00:00:00Z,2020-06-30T00:00:00Z,10,29,0.344827586
219171,2.04,2020-06-10T08:48:00Z,10416,103070,TRUE,TRUE,FALSE,2020-06-01T00:00:00Z,2020-06-30T00:00:00Z,10,29,0.344827586
219172,3.34,2020-06-10T08:48:00Z,10416,103070,TRUE,TRUE,FALSE,2020-06-01T00:00:00Z,2020-06-30T00:00:00Z,10,29,0.344827586
219173,3.34,2020-06-10T08:48:00Z,10416,103070,TRUE,TRUE,FALSE,2020-06-01T00:00:00Z,2020-06-30T00:00:00Z,10,29,0.344827586
219237,11.44,2020-06-10T10:30:00Z,10416,103070,TRUE,TRUE,FALSE,2020-06-01T00:00:00Z,2020-06-30T00:00:00Z,10,29,0.344827586
219238,11.44,2020-06-10T10:30:00Z,10416,103070,TRUE,TRUE,FALSE,2020-06-01T00:00:00Z,2020-06-30T00:00:00Z,10,29,0.344827586
219239,19.89,2020-06-10T10:30:00Z,10416,103070,TRUE,TRUE,FALSE,2020-06-01T00:00:00Z,2020-06-30T00:00:00Z,10,29,0.344827586
219294,5.24,2020-06-10T20:12:00Z,10416,103070,TRUE,TRUE,FALSE,2020-06-01T00:00:00Z,2020-06-30T00:00:00Z,10,29,0.344827586
219295,5.24,2020-06-10T20:12:00Z,10416,103070,TRUE,TRUE,FALSE,2020-06-01T00:00:00Z,2020-06-30T00:00:00Z,10,29,0.344827586
219331,14.55,2020-06-10T21:54:00Z,10416,103070,TRUE,TRUE,FALSE,2020-06-01T00:00:00Z,2020-06-30T00:00:00Z,10,29,0.344827586
219332,12.98,2020-06-10T21:54:00Z,10416,103070,TRUE,TRUE,FALSE,2020-06-01T00:00:00Z,2020-06-30T00:00:00Z,10,29,0.344827586
219333,8.23,2020-06-10T21:54:00Z,10416,103070,TRUE,TRUE,FALSE,2020-06-01T00:00:00Z,2020-06-30T00:00:00Z,10,29,0.344827586
219342,9.36,2020-06-11T10:12:00Z,10416,103070,TRUE,TRUE,FALSE,2020-06-01T00:00:00Z,2020-06-30T00:00:00Z,11,29,0.379310345
219343,6.6,2020-06-11T10:12:00Z,10416,103070,TRUE,TRUE,FALSE,2020-06-01T00:00:00Z,2020-06-30T00:00:00Z,11,29,0.379310345
219345,12.79,2020-06-11T10:12:00Z,10416,103070,TRUE,TRUE,FALSE,2020-06-01T00:00:00Z,2020-06-30T00:00:00Z,11,29,0.379310345
219385,15.25,2020-06-11T21:30:00Z,10416,103070,TRUE,TRUE,FALSE,2020-06-01T00:00:00Z,2020-06-30T00:00:00Z,11,29,0.379310345
219386,9.62,2020-06-11T21:30:00Z,10416,103070,TRUE,TRUE,FALSE,2020-06-01T00:00:00Z,2020-06-30T00:00:00Z,11,29,0.379310345
219387,6.22,2020-06-11T21:30:00Z,10416,103070,TRUE,TRUE,FALSE,2020-06-01T00:00:00Z,2020-06-30T00:00:00Z,11,29,0.379310345
219388,0.87,2020-06-12T09:54:00Z,10416,103070,TRUE,TRUE,FALSE,2020-06-01T00:00:00Z,2020-06-30T00:00:00Z,12,29,0.413793103
219389,0.87,2020-06-12T09:54:00Z,10416,103070,TRUE,TRUE,FALSE,2020-06-01T00:00:00Z,2020-06-30T00:00:00Z,12,29,0.413793103
219390,0.87,2020-06-12T09:54:00Z,10416,103070,TRUE,TRUE,FALSE,2020-06-01T00:00:00Z,2020-06-30T00:00:00Z,12,29,0.413793103
219722,0.67,2020-06-23T09:48:00Z,10416,103070,TRUE,TRUE,FALSE,2020-06-01T00:00:00Z,2020-06-30T00:00:00Z,23,29,0.793103448
1583,5.6,2020-02-25T20:48:00Z,10620,73382,TRUE,FALSE,TRUE,2020-02-25T00:00:00Z,2020-02-26T00:00:00Z,1,1,1
1584,3.6,2020-02-25T20:48:00Z,10620,73382,TRUE,FALSE,TRUE,2020-02-25T00:00:00Z,2020-02-26T00:00:00Z,1,1,1
217071,1.85,2020-02-25T21:36:00Z,10620,73382,TRUE,FALSE,TRUE,2020-02-25T00:00:00Z,2020-02-26T00:00:00Z,1,1,1
1993,44,2020-03-05T21:18:00Z,10620,77144,TRUE,FALSE,TRUE,2020-03-05T00:00:00Z,2020-03-06T00:00:00Z,1,1,1
1994,4.8,2020-03-05T21:18:00Z,10620,77144,TRUE,FALSE,TRUE,2020-03-05T00:00:00Z,2020-03-06T00:00:00Z,1,1,1
1995,4.8,2020-03-05T21:18:00Z,10620,77144,TRUE,FALSE,TRUE,2020-03-05T00:00:00Z,2020-03-06T00:00:00Z,1,1,1
217526,11.6,2020-03-05T20:30:00Z,10620,77144,TRUE,FALSE,TRUE,2020-03-05T00:00:00Z,2020-03-06T00:00:00Z,1,1,1
217527,25.96,2020-03-05T20:30:00Z,10620,77144,TRUE,FALSE,TRUE,2020-03-05T00:00:00Z,2020-03-06T00:00:00Z,1,1,1
217528,25.96,2020-03-05T20:30:00Z,10620,77144,TRUE,FALSE,TRUE,2020-03-05T00:00:00Z,2020-03-06T00:00:00Z,1,1,1
217529,10.25,2020-03-05T20:30:00Z,10620,77144,TRUE,FALSE,TRUE,2020-03-05T00:00:00Z,2020-03-06T00:00:00Z,1,1,1
217530,4.6,2020-03-05T20:30:00Z,10620,77144,TRUE,FALSE,TRUE,2020-03-05T00:00:00Z,2020-03-06T00:00:00Z,1,1,1
217531,4.31,2020-03-05T20:30:00Z,10620,77144,TRUE,FALSE,TRUE,2020-03-05T00:00:00Z,2020-03-06T00:00:00Z,1,1,1
217532,48.01,2020-03-05T20:30:00Z,10620,77144,TRUE,FALSE,TRUE,2020-03-05T00:00:00Z,2020-03-06T00:00:00Z,1,1,1
217533,24.39,2020-03-05T20:30:00Z,10620,77144,TRUE,FALSE,TRUE,2020-03-05T00:00:00Z,2020-03-06T00:00:00Z,1,1,1
217534,24.39,2020-03-05T20:30:00Z,10620,77144,TRUE,FALSE,TRUE,2020-03-05T00:00:00Z,2020-03-06T00:00:00Z,1,1,1
381,3.8,2020-01-13T20:54:00Z,9635,66620,TRUE,TRUE,FALSE,2020-01-01T00:00:00Z,2020-01-31T00:00:00Z,13,30,0.433333333
381,3.8,2020-01-13T20:54:00Z,9635,66623,TRUE,TRUE,FALSE,2020-01-01T00:00:00Z,2020-01-31T00:00:00Z,13,30,0.433333333
381,3.8,2020-01-13T20:54:00Z,9635,97637,TRUE,TRUE,FALSE,2020-01-13T00:00:00Z,2020-01-16T00:00:00Z,1,3,0.333333333
3634,13.4,2020-06-09T21:18:00Z,10248,103072,TRUE,FALSE,TRUE,2020-06-09T00:00:00Z,2020-06-11T00:00:00Z,1,2,0.5
3644,11.6,2020-06-09T21:18:00Z,10248,103072,TRUE,FALSE,TRUE,2020-06-09T00:00:00Z,2020-06-11T00:00:00Z,1,2,0.5
3709,6.2,2020-06-10T09:42:00Z,10248,103072,TRUE,FALSE,TRUE,2020-06-09T00:00:00Z,2020-06-11T00:00:00Z,2,2,1
3710,23.4,2020-06-10T09:42:00Z,10248,103072,TRUE,FALSE,TRUE,2020-06-09T00:00:00Z,2020-06-11T00:00:00Z,2,2,1
3711,6.2,2020-06-10T09:42:00Z,10248,103072,TRUE,FALSE,TRUE,2020-06-09T00:00:00Z,2020-06-11T00:00:00Z,2,2,1
3712,12,2020-06-10T09:42:00Z,10248,103072,TRUE,FALSE,TRUE,2020-06-09T00:00:00Z,2020-06-11T00:00:00Z,2,2,1
3713,10.6,2020-06-10T09:42:00Z,10248,103072,TRUE,FALSE,TRUE,2020-06-09T00:00:00Z,2020-06-11T00:00:00Z,2,2,1
3714,12,2020-06-10T09:42:00Z,10248,103072,TRUE,FALSE,TRUE,2020-06-09T00:00:00Z,2020-06-11T00:00:00Z,2,2,1
3715,12,2020-06-10T09:42:00Z,10248,103072,TRUE,FALSE,TRUE,2020-06-09T00:00:00Z,2020-06-11T00:00:00Z,2,2,1
219169,3.35,2020-06-10T08:48:00Z,10248,103072,TRUE,FALSE,TRUE,2020-06-09T00:00:00Z,2020-06-11T00:00:00Z,2,2,1
219170,2.04,2020-06-10T08:48:00Z,10248,103072,TRUE,FALSE,TRUE,2020-06-09T00:00:00Z,2020-06-11T00:00:00Z,2,2,1
219171,2.04,2020-06-10T08:48:00Z,10248,103072,TRUE,FALSE,TRUE,2020-06-09T00:00:00Z,2020-06-11T00:00:00Z,2,2,1
219172,3.34,2020-06-10T08:48:00Z,10248,103072,TRUE,FALSE,TRUE,2020-06-09T00:00:00Z,2020-06-11T00:00:00Z,2,2,1
219173,3.34,2020-06-10T08:48:00Z,10248,103072,TRUE,FALSE,TRUE,2020-06-09T00:00:00Z,2020-06-11T00:00:00Z,2,2,1
219237,11.44,2020-06-10T10:30:00Z,10248,103072,TRUE,FALSE,TRUE,2020-06-09T00:00:00Z,2020-06-11T00:00:00Z,2,2,1
219238,11.44,2020-06-10T10:30:00Z,10248,103072,TRUE,FALSE,TRUE,2020-06-09T00:00:00Z,2020-06-11T00:00:00Z,2,2,1
219239,19.89,2020-06-10T10:30:00Z,10248,103072,TRUE,FALSE,TRUE,2020-06-09T00:00:00Z,2020-06-11T00:00:00Z,2,2,1
219294,5.24,2020-06-10T20:12:00Z,10248,103072,TRUE,FALSE,TRUE,2020-06-09T00:00:00Z,2020-06-11T00:00:00Z,2,2,1
219295,5.24,2020-06-10T20:12:00Z,10248,103072,TRUE,FALSE,TRUE,2020-06-09T00:00:00Z,2020-06-11T00:00:00Z,2,2,1
219331,14.55,2020-06-10T21:54:00Z,10248,103072,TRUE,FALSE,TRUE,2020-06-09T00:00:00Z,2020-06-11T00:00:00Z,2,2,1
219332,12.98,2020-06-10T21:54:00Z,10248,103072,TRUE,FALSE,TRUE,2020-06-09T00:00:00Z,2020-06-11T00:00:00Z,2,2,1
219333,8.23,2020-06-10T21:54:00Z,10248,103072,TRUE,FALSE,TRUE,2020-06-09T00:00:00Z,2020-06-11T00:00:00Z,2,2,1
423,5.8,2020-01-15T20:18:00Z,10343,66257,TRUE,TRUE,FALSE,2020-01-02T00:00:00Z,2020-01-31T00:00:00Z,14,29,0.482758621
215953,2.23,2020-01-15T21:06:00Z,10343,66257,TRUE,TRUE,FALSE,2020-01-02T00:00:00Z,2020-01-31T00:00:00Z,14,29,0.482758621
215954,2.23,2020-01-15T21:06:00Z,10343,66257,TRUE,TRUE,FALSE,2020-01-02T00:00:00Z,2020-01-31T00:00:00Z,14,29,0.482758621
215956,4.85,2020-01-15T21:06:00Z,10343,66257,TRUE,TRUE,FALSE,2020-01-02T00:00:00Z,2020-01-31T00:00:00Z,14,29,0.482758621
423,5.8,2020-01-15T20:18:00Z,10343,101457,TRUE,TRUE,FALSE,2020-01-01T00:00:00Z,2020-01-31T00:00:00Z,15,30,0.5
215953,2.23,2020-01-15T21:06:00Z,10343,101457,TRUE,TRUE,FALSE,2020-01-01T00:00:00Z,2020-01-31T00:00:00Z,15,30,0.5
215954,2.23,2020-01-15T21:06:00Z,10343,101457,TRUE,TRUE,FALSE,2020-01-01T00:00:00Z,2020-01-31T00:00:00Z,15,30,0.5
215956,4.85,2020-01-15T21:06:00Z,10343,101457,TRUE,TRUE,FALSE,2020-01-01T00:00:00Z,2020-01-31T00:00:00Z,15,30,0.5
216751,6.07,2020-02-16T21:06:00Z,10538,74058,TRUE,TRUE,FALSE,2020-02-10T00:00:00Z,2020-02-21T00:00:00Z,7,11,0.636363636
215836,12.59,2020-01-10T21:00:00Z,10543,67285,TRUE,TRUE,FALSE,2020-01-07T00:00:00Z,2020-01-30T00:00:00Z,4,23,0.173913043
215837,2.85,2020-01-10T21:00:00Z,10543,67285,TRUE,TRUE,FALSE,2020-01-07T00:00:00Z,2020-01-30T00:00:00Z,4,23,0.173913043
4030,7.3,2020-06-19T19:54:00Z,11214,271777,TRUE,FALSE,TRUE,2020-05-01T00:00:00Z,2020-06-30T00:00:00Z,50,60,0.833333333
4036,10.1,2020-06-19T21:36:00Z,11214,271777,TRUE,FALSE,TRUE,2020-05-01T00:00:00Z,2020-06-30T00:00:00Z,50,60,0.833333333
4037,7.4,2020-06-19T21:36:00Z,11214,271777,TRUE,FALSE,TRUE,2020-05-01T00:00:00Z,2020-06-30T00:00:00Z,50,60,0.833333333
219623,24.26,2020-06-19T20:42:00Z,11214,271777,TRUE,FALSE,TRUE,2020-05-01T00:00:00Z,2020-06-30T00:00:00Z,50,60,0.833333333
219624,15.55,2020-06-19T20:42:00Z,11214,271777,TRUE,FALSE,TRUE,2020-05-01T00:00:00Z,2020-06-30T00:00:00Z,50,60,0.833333333
3398,56,2020-06-01T20:30:00Z,11356,131283,TRUE,FALSE,TRUE,2020-06-01T00:00:00Z,2020-06-05T00:00:00Z,1,4,0.25
3400,79.1,2020-06-01T20:30:00Z,11356,131283,TRUE,FALSE,TRUE,2020-06-01T00:00:00Z,2020-06-05T00:00:00Z,1,4,0.25
3401,56,2020-06-01T20:30:00Z,11356,131283,TRUE,FALSE,TRUE,2020-06-01T00:00:00Z,2020-06-05T00:00:00Z,1,4,0.25
3402,56,2020-06-01T20:30:00Z,11356,131283,TRUE,FALSE,TRUE,2020-06-01T00:00:00Z,2020-06-05T00:00:00Z,1,4,0.25
3403,10.4,2020-06-01T20:30:00Z,11356,131283,TRUE,FALSE,TRUE,2020-06-01T00:00:00Z,2020-06-05T00:00:00Z,1,4,0.25
3420,2,2020-06-03T10:12:00Z,11356,131283,TRUE,FALSE,TRUE,2020-06-01T00:00:00Z,2020-06-05T00:00:00Z,3,4,0.75
218956,3.48,2020-06-01T21:18:00Z,11356,131283,TRUE,FALSE,TRUE,2020-06-01T00:00:00Z,2020-06-05T00:00:00Z,1,4,0.25
218957,3.48,2020-06-01T21:18:00Z,11356,131283,TRUE,FALSE,TRUE,2020-06-01T00:00:00Z,2020-06-05T00:00:00Z,1,4,0.25
218958,12.23,2020-06-01T21:18:00Z,11356,131283,TRUE,FALSE,TRUE,2020-06-01T00:00:00Z,2020-06-05T00:00:00Z,1,4,0.25
218959,12.23,2020-06-01T21:18:00Z,11356,131283,TRUE,FALSE,TRUE,2020-06-01T00:00:00Z,2020-06-05T00:00:00Z,1,4,0.25
218984,1.46,2020-06-03T09:24:00Z,11356,131283,TRUE,FALSE,TRUE,2020-06-01T00:00:00Z,2020-06-05T00:00:00Z,3,4,0.75
218985,0.71,2020-06-03T09:24:00Z,11356,131283,TRUE,FALSE,TRUE,2020-06-01T00:00:00Z,2020-06-05T00:00:00Z,3,4,0.75
218986,0.94,2020-06-03T09:24:00Z,11356,131283,TRUE,FALSE,TRUE,2020-06-01T00:00:00Z,2020-06-05T00:00:00Z,3,4,0.75
218987,0.71,2020-06-03T09:24:00Z,11356,131283,TRUE,FALSE,TRUE,2020-06-01T00:00:00Z,2020-06-05T00:00:00Z,3,4,0.75
218988,0.94,2020-06-03T09:24:00Z,11356,131283,TRUE,FALSE,TRUE,2020-06-01T00:00:00Z,2020-06-05T00:00:00Z,3,4,0.75
3398,56,2020-06-01T20:30:00Z,11356,131284,TRUE,FALSE,TRUE,2020-06-01T00:00:00Z,2020-06-05T00:00:00Z,1,4,0.25
3400,79.1,2020-06-01T20:30:00Z,11356,131284,TRUE,FALSE,TRUE,2020-06-01T00:00:00Z,2020-06-05T00:00:00Z,1,4,0.25
3401,56,2020-06-01T20:30:00Z,11356,131284,TRUE,FALSE,TRUE,2020-06-01T00:00:00Z,2020-06-05T00:00:00Z,1,4,0.25
3402,56,2020-06-01T20:30:00Z,11356,131284,TRUE,FALSE,TRUE,2020-06-01T00:00:00Z,2020-06-05T00:00:00Z,1,4,0.25
3403,10.4,2020-06-01T20:30:00Z,11356,131284,TRUE,FALSE,TRUE,2020-06-01T00:00:00Z,2020-06-05T00:00:00Z,1,4,0.25
3420,2,2020-06-03T10:12:00Z,11356,131284,TRUE,FALSE,TRUE,2020-06-01T00:00:00Z,2020-06-05T00:00:00Z,3,4,0.75
218956,3.48,2020-06-01T21:18:00Z,11356,131284,TRUE,FALSE,TRUE,2020-06-01T00:00:00Z,2020-06-05T00:00:00Z,1,4,0.25
218957,3.48,2020-06-01T21:18:00Z,11356,131284,TRUE,FALSE,TRUE,2020-06-01T00:00:00Z,2020-06-05T00:00:00Z,1,4,0.25
218958,12.23,2020-06-01T21:18:00Z,11356,131284,TRUE,FALSE,TRUE,2020-06-01T00:00:00Z,2020-06-05T00:00:00Z,1,4,0.25
218959,12.23,2020-06-01T21:18:00Z,11356,131284,TRUE,FALSE,TRUE,2020-06-01T00:00:00Z,2020-06-05T00:00:00Z,1,4,0.25
218984,1.46,2020-06-03T09:24:00Z,11356,131284,TRUE,FALSE,TRUE,2020-06-01T00:00:00Z,2020-06-05T00:00:00Z,3,4,0.75
218985,0.71,2020-06-03T09:24:00Z,11356,131284,TRUE,FALSE,TRUE,2020-06-01T00:00:00Z,2020-06-05T00:00:00Z,3,4,0.75
218986,0.94,2020-06-03T09:24:00Z,11356,131284,TRUE,FALSE,TRUE,2020-06-01T00:00:00Z,2020-06-05T00:00:00Z,3,4,0.75
218987,0.71,2020-06-03T09:24:00Z,11356,131284,TRUE,FALSE,TRUE,2020-06-01T00:00:00Z,2020-06-05T00:00:00Z,3,4,0.75
218988,0.94,2020-06-03T09:24:00Z,11356,131284,TRUE,FALSE,TRUE,2020-06-01T00:00:00Z,2020-06-05T00:00:00Z,3,4,0.75
214927,2.8,2020-12-05T20:24:00Z,11381,138681,TRUE,FALSE,TRUE,2020-12-01T00:00:00Z,2020-12-31T00:00:00Z,5,30,0.166666667
214928,3.3,2020-12-05T20:24:00Z,11381,138681,TRUE,FALSE,TRUE,2020-12-01T00:00:00Z,2020-12-31T00:00:00Z,5,30,0.166666667
217220,2.05,2020-02-27T21:00:00Z,10958,96046,TRUE,FALSE,TRUE,2020-02-01T00:00:00Z,2020-03-31T00:00:00Z,27,59,0.457627119
421,0.8,2020-01-15T10:36:00Z,12670,66610,TRUE,TRUE,FALSE,2020-01-15T00:00:00Z,2020-01-16T00:00:00Z,1,1,1
427,10,2020-01-15T20:18:00Z,12670,66610,TRUE,TRUE,FALSE,2020-01-15T00:00:00Z,2020-01-16T00:00:00Z,1,1,1
432,9.4,2020-01-15T20:18:00Z,12670,66610,TRUE,TRUE,FALSE,2020-01-15T00:00:00Z,2020-01-16T00:00:00Z,1,1,1
215961,12.73,2020-01-15T21:06:00Z,12670,66610,TRUE,TRUE,FALSE,2020-01-15T00:00:00Z,2020-01-16T00:00:00Z,1,1,1
215962,12.73,2020-01-15T21:06:00Z,12670,66610,TRUE,TRUE,FALSE,2020-01-15T00:00:00Z,2020-01-16T00:00:00Z,1,1,1
215963,4.34,2020-01-15T21:06:00Z,12670,66610,TRUE,TRUE,FALSE,2020-01-15T00:00:00Z,2020-01-16T00:00:00Z,1,1,1
215966,14.66,2020-01-15T21:06:00Z,12670,66610,TRUE,TRUE,FALSE,2020-01-15T00:00:00Z,2020-01-16T00:00:00Z,1,1,1
215967,14.66,2020-01-15T21:06:00Z,12670,66610,TRUE,TRUE,FALSE,2020-01-15T00:00:00Z,2020-01-16T00:00:00Z,1,1,1
215922,20.07,2020-01-14T19:48:00Z,12670,66611,TRUE,TRUE,FALSE,2020-01-13T00:00:00Z,2020-01-15T00:00:00Z,2,2,1
215924,15.04,2020-01-14T19:48:00Z,12670,66611,TRUE,TRUE,FALSE,2020-01-13T00:00:00Z,2020-01-15T00:00:00Z,2,2,1
421,0.8,2020-01-15T10:36:00Z,12670,66614,TRUE,TRUE,FALSE,2020-01-13T00:00:00Z,2020-01-23T00:00:00Z,3,10,0.3
427,10,2020-01-15T20:18:00Z,12670,66614,TRUE,TRUE,FALSE,2020-01-13T00:00:00Z,2020-01-23T00:00:00Z,3,10,0.3
432,9.4,2020-01-15T20:18:00Z,12670,66614,TRUE,TRUE,FALSE,2020-01-13T00:00:00Z,2020-01-23T00:00:00Z,3,10,0.3
461,4.4,2020-01-16T21:42:00Z,12670,66614,TRUE,TRUE,FALSE,2020-01-13T00:00:00Z,2020-01-23T00:00:00Z,4,10,0.4
215922,20.07,2020-01-14T19:48:00Z,12670,66614,TRUE,TRUE,FALSE,2020-01-13T00:00:00Z,2020-01-23T00:00:00Z,2,10,0.2
215924,15.04,2020-01-14T19:48:00Z,12670,66614,TRUE,TRUE,FALSE,2020-01-13T00:00:00Z,2020-01-23T00:00:00Z,2,10,0.2
215961,12.73,2020-01-15T21:06:00Z,12670,66614,TRUE,TRUE,FALSE,2020-01-13T00:00:00Z,2020-01-23T00:00:00Z,3,10,0.3
215962,12.73,2020-01-15T21:06:00Z,12670,66614,TRUE,TRUE,FALSE,2020-01-13T00:00:00Z,2020-01-23T00:00:00Z,3,10,0.3
215963,4.34,2020-01-15T21:06:00Z,12670,66614,TRUE,TRUE,FALSE,2020-01-13T00:00:00Z,2020-01-23T00:00:00Z,3,10,0.3
215966,14.66,2020-01-15T21:06:00Z,12670,66614,TRUE,TRUE,FALSE,2020-01-13T00:00:00Z,2020-01-23T00:00:00Z,3,10,0.3
215967,14.66,2020-01-15T21:06:00Z,12670,66614,TRUE,TRUE,FALSE,2020-01-13T00:00:00Z,2020-01-23T00:00:00Z,3,10,0.3
215994,3.4,2020-01-16T20:48:00Z,12670,66614,TRUE,TRUE,FALSE,2020-01-13T00:00:00Z,2020-01-23T00:00:00Z,4,10,0.4
215995,4.85,2020-01-16T20:48:00Z,12670,66614,TRUE,TRUE,FALSE,2020-01-13T00:00:00Z,2020-01-23T00:00:00Z,4,10,0.4
215326,44.4,2020-12-23T19:48:00Z,11405,199715,TRUE,FALSE,TRUE,2020-07-01T00:00:00Z,2020-12-31T00:00:00Z,176,183,0.961748634
215327,43.6,2020-12-23T19:48:00Z,11405,199715,TRUE,FALSE,TRUE,2020-07-01T00:00:00Z,2020-12-31T00:00:00Z,176,183,0.961748634
217907,2.35,2020-03-25T20:54:00Z,10761,80413,TRUE,TRUE,FALSE,2020-03-01T00:00:00Z,2020-03-31T00:00:00Z,25,30,0.833333333
214927,2.8,2020-12-05T20:24:00Z,10846,142105,TRUE,TRUE,FALSE,2020-12-01T00:00:00Z,2020-12-31T00:00:00Z,5,30,0.166666667
214928,3.3,2020-12-05T20:24:00Z,10846,142105,TRUE,TRUE,FALSE,2020-12-01T00:00:00Z,2020-12-31T00:00:00Z,5,30,0.166666667
217251,5.84,2020-02-27T21:00:00Z,11097,271721,TRUE,FALSE,TRUE,2020-02-11T00:00:00Z,2020-06-30T00:00:00Z,17,140,0.121428571
427190,9.63,2020-11-05T22:18:00Z,11097,271722,TRUE,FALSE,TRUE,2020-07-01T00:00:00Z,2020-11-10T00:00:00Z,128,132,0.96969697
1430,3.1,2020-02-21T20:24:00Z,10535,73648,TRUE,TRUE,FALSE,2020-02-21T00:00:00Z,2020-02-22T00:00:00Z,1,1,1
1431,6,2020-02-21T20:24:00Z,10535,73648,TRUE,TRUE,FALSE,2020-02-21T00:00:00Z,2020-02-22T00:00:00Z,1,1,1
216948,3.43,2020-02-21T21:12:00Z,10535,73648,TRUE,TRUE,FALSE,2020-02-21T00:00:00Z,2020-02-22T00:00:00Z,1,1,1
216949,3.52,2020-02-21T21:12:00Z,10535,73648,TRUE,TRUE,FALSE,2020-02-21T00:00:00Z,2020-02-22T00:00:00Z,1,1,1
215303,3.3,2020-12-22T20:06:00Z,10535,141146,TRUE,TRUE,FALSE,2020-12-15T00:00:00Z,2020-12-27T00:00:00Z,8,12,0.666666667
215304,5.4,2020-12-22T20:06:00Z,10535,141146,TRUE,TRUE,FALSE,2020-12-15T00:00:00Z,2020-12-27T00:00:00Z,8,12,0.666666667
215312,5.4,2020-12-22T21:48:00Z,10535,141146,TRUE,TRUE,FALSE,2020-12-15T00:00:00Z,2020-12-27T00:00:00Z,8,12,0.666666667
215336,10.4,2020-12-23T21:24:00Z,10535,141146,TRUE,TRUE,FALSE,2020-12-15T00:00:00Z,2020-12-27T00:00:00Z,9,12,0.75
428719,15.56,2020-12-22T20:54:00Z,10535,141146,TRUE,TRUE,FALSE,2020-12-15T00:00:00Z,2020-12-27T00:00:00Z,8,12,0.666666667
428732,21.43,2020-12-23T20:36:00Z,10535,141146,TRUE,TRUE,FALSE,2020-12-15T00:00:00Z,2020-12-27T00:00:00Z,9,12,0.75
428733,17.77,2020-12-23T20:36:00Z,10535,141146,TRUE,TRUE,FALSE,2020-12-15T00:00:00Z,2020-12-27T00:00:00Z,9,12,0.75
213812,4.3,2020-11-11T21:12:00Z,11387,133505,TRUE,TRUE,FALSE,2020-11-09T00:00:00Z,2020-11-12T00:00:00Z,3,3,1
2226,2.2,2020-03-12T20:48:00Z,10532,81634,TRUE,TRUE,FALSE,2020-03-03T00:00:00Z,2020-03-30T00:00:00Z,10,27,0.37037037
2754,7.3,2020-04-23T21:00:00Z,10532,90261,TRUE,TRUE,FALSE,2020-04-01T00:00:00Z,2020-04-27T00:00:00Z,23,26,0.884615385
2791,3.4,2020-04-24T20:42:00Z,10532,90261,TRUE,TRUE,FALSE,2020-04-01T00:00:00Z,2020-04-27T00:00:00Z,24,26,0.923076923
2820,8.9,2020-04-25T20:24:00Z,10532,90261,TRUE,TRUE,FALSE,2020-04-01T00:00:00Z,2020-04-27T00:00:00Z,25,26,0.961538462
218283,5.02,2020-04-23T20:12:00Z,10532,90261,TRUE,TRUE,FALSE,2020-04-01T00:00:00Z,2020-04-27T00:00:00Z,23,26,0.884615385
218325,4.37,2020-04-24T21:30:00Z,10532,90261,TRUE,TRUE,FALSE,2020-04-01T00:00:00Z,2020-04-27T00:00:00Z,24,26,0.923076923
218326,4,2020-04-24T21:30:00Z,10532,90261,TRUE,TRUE,FALSE,2020-04-01T00:00:00Z,2020-04-27T00:00:00Z,24,26,0.923076923
218356,0.31,2020-04-25T09:54:00Z,10532,90261,TRUE,TRUE,FALSE,2020-04-01T00:00:00Z,2020-04-27T00:00:00Z,25,26,0.961538462
214086,3,2020-11-19T20:24:00Z,10374,131867,TRUE,TRUE,FALSE,2020-11-02T00:00:00Z,2020-11-30T00:00:00Z,18,28,0.642857143
427512,4.84,2020-11-19T21:12:00Z,10374,131867,TRUE,TRUE,FALSE,2020-11-02T00:00:00Z,2020-11-30T00:00:00Z,18,28,0.642857143
213823,1.4,2020-11-12T09:36:00Z,11368,340181,TRUE,TRUE,FALSE,2020-11-09T00:00:00Z,2020-11-30T00:00:00Z,4,21,0.19047619
1583,5.6,2020-02-25T20:48:00Z,13621,254573,TRUE,FALSE,TRUE,2020-01-01T00:00:00Z,2020-03-31T00:00:00Z,56,90,0.622222222
1584,3.6,2020-02-25T20:48:00Z,13621,254573,TRUE,FALSE,TRUE,2020-01-01T00:00:00Z,2020-03-31T00:00:00Z,56,90,0.622222222
1622,17.5,2020-02-26T20:30:00Z,13621,254573,TRUE,FALSE,TRUE,2020-01-01T00:00:00Z,2020-03-31T00:00:00Z,57,90,0.633333333
1623,17.5,2020-02-26T20:30:00Z,13621,254573,TRUE,FALSE,TRUE,2020-01-01T00:00:00Z,2020-03-31T00:00:00Z,57,90,0.633333333
1624,55.9,2020-02-26T20:30:00Z,13621,254573,TRUE,FALSE,TRUE,2020-01-01T00:00:00Z,2020-03-31T00:00:00Z,57,90,0.633333333
1625,55.9,2020-02-26T20:30:00Z,13621,254573,TRUE,FALSE,TRUE,2020-01-01T00:00:00Z,2020-03-31T00:00:00Z,57,90,0.633333333
1643,3.2,2020-02-27T08:48:00Z,13621,254573,TRUE,FALSE,TRUE,2020-01-01T00:00:00Z,2020-03-31T00:00:00Z,58,90,0.644444444
1645,2.5,2020-02-27T08:48:00Z,13621,254573,TRUE,FALSE,TRUE,2020-01-01T00:00:00Z,2020-03-31T00:00:00Z,58,90,0.644444444
1653,2.7,2020-02-27T08:48:00Z,13621,254573,TRUE,FALSE,TRUE,2020-01-01T00:00:00Z,2020-03-31T00:00:00Z,58,90,0.644444444
1654,2.7,2020-02-27T08:48:00Z,13621,254573,TRUE,FALSE,TRUE,2020-01-01T00:00:00Z,2020-03-31T00:00:00Z,58,90,0.644444444
1662,1.6,2020-02-27T10:30:00Z,13621,254573,TRUE,FALSE,TRUE,2020-01-01T00:00:00Z,2020-03-31T00:00:00Z,58,90,0.644444444
1663,1.2,2020-02-27T10:30:00Z,13621,254573,TRUE,FALSE,TRUE,2020-01-01T00:00:00Z,2020-03-31T00:00:00Z,58,90,0.644444444
1664,1.5,2020-02-27T10:30:00Z,13621,254573,TRUE,FALSE,TRUE,2020-01-01T00:00:00Z,2020-03-31T00:00:00Z,58,90,0.644444444
1665,1.4,2020-02-27T10:30:00Z,13621,254573,TRUE,FALSE,TRUE,2020-01-01T00:00:00Z,2020-03-31T00:00:00Z,58,90,0.644444444
1701,33.2,2020-02-27T20:12:00Z,13621,254573,TRUE,FALSE,TRUE,2020-01-01T00:00:00Z,2020-03-31T00:00:00Z,58,90,0.644444444
1703,11.2,2020-02-27T20:12:00Z,13621,254573,TRUE,FALSE,TRUE,2020-01-01T00:00:00Z,2020-03-31T00:00:00Z,58,90,0.644444444
1704,6.3,2020-02-27T20:12:00Z,13621,254573,TRUE,FALSE,TRUE,2020-01-01T00:00:00Z,2020-03-31T00:00:00Z,58,90,0.644444444
1712,30.1,2020-02-27T21:54:00Z,13621,254573,TRUE,FALSE,TRUE,2020-01-01T00:00:00Z,2020-03-31T00:00:00Z,58,90,0.644444444
1717,9.3,2020-02-27T21:54:00Z,13621,254573,TRUE,FALSE,TRUE,2020-01-01T00:00:00Z,2020-03-31T00:00:00Z,58,90,0.644444444
1743,23.7,2020-02-28T19:54:00Z,13621,254573,TRUE,FALSE,TRUE,2020-01-01T00:00:00Z,2020-03-31T00:00:00Z,59,90,0.655555556
1746,7.4,2020-02-28T19:54:00Z,13621,254573,TRUE,FALSE,TRUE,2020-01-01T00:00:00Z,2020-03-31T00:00:00Z,59,90,0.655555556
1748,6.4,2020-02-28T19:54:00Z,13621,254573,TRUE,FALSE,TRUE,2020-01-01T00:00:00Z,2020-03-31T00:00:00Z,59,90,0.655555556
1749,6.4,2020-02-28T19:54:00Z,13621,254573,TRUE,FALSE,TRUE,2020-01-01T00:00:00Z,2020-03-31T00:00:00Z,59,90,0.655555556
1750,23.7,2020-02-28T19:54:00Z,13621,254573,TRUE,FALSE,TRUE,2020-01-01T00:00:00Z,2020-03-31T00:00:00Z,59,90,0.655555556
1751,6.4,2020-02-28T19:54:00Z,13621,254573,TRUE,FALSE,TRUE,2020-01-01T00:00:00Z,2020-03-31T00:00:00Z,59,90,0.655555556
1758,7.3,2020-02-28T19:54:00Z,13621,254573,TRUE,FALSE,TRUE,2020-01-01T00:00:00Z,2020-03-31T00:00:00Z,59,90,0.655555556
1759,7.3,2020-02-28T19:54:00Z,13621,254573,TRUE,FALSE,TRUE,2020-01-01T00:00:00Z,2020-03-31T00:00:00Z,59,90,0.655555556
1760,24.2,2020-02-28T19:54:00Z,13621,254573,TRUE,FALSE,TRUE,2020-01-01T00:00:00Z,2020-03-31T00:00:00Z,59,90,0.655555556
1761,33.4,2020-02-28T19:54:00Z,13621,254573,TRUE,FALSE,TRUE,2020-01-01T00:00:00Z,2020-03-31T00:00:00Z,59,90,0.655555556
1762,24.2,2020-02-28T19:54:00Z,13621,254573,TRUE,FALSE,TRUE,2020-01-01T00:00:00Z,2020-03-31T00:00:00Z,59,90,0.655555556
1763,33.4,2020-02-28T19:54:00Z,13621,254573,TRUE,FALSE,TRUE,2020-01-01T00:00:00Z,2020-03-31T00:00:00Z,59,90,0.655555556
1764,29.3,2020-02-28T19:54:00Z,13621,254573,TRUE,FALSE,TRUE,2020-01-01T00:00:00Z,2020-03-31T00:00:00Z,59,90,0.655555556
1767,4,2020-02-28T21:36:00Z,13621,254573,TRUE,FALSE,TRUE,2020-01-01T00:00:00Z,2020-03-31T00:00:00Z,59,90,0.655555556
1768,4.2,2020-02-28T21:36:00Z,13621,254573,TRUE,FALSE,TRUE,2020-01-01T00:00:00Z,2020-03-31T00:00:00Z,59,90,0.655555556
1769,11.4,2020-02-28T21:36:00Z,13621,254573,TRUE,FALSE,TRUE,2020-01-01T00:00:00Z,2020-03-31T00:00:00Z,59,90,0.655555556
1770,9.3,2020-02-28T21:36:00Z,13621,254573,TRUE,FALSE,TRUE,2020-01-01T00:00:00Z,2020-03-31T00:00:00Z,59,90,0.655555556
1771,11.4,2020-02-28T21:36:00Z,13621,254573,TRUE,FALSE,TRUE,2020-01-01T00:00:00Z,2020-03-31T00:00:00Z,59,90,0.655555556
1772,7.7,2020-02-28T21:36:00Z,13621,254573,TRUE,FALSE,TRUE,2020-01-01T00:00:00Z,2020-03-31T00:00:00Z,59,90,0.655555556
1773,14.9,2020-02-28T21:36:00Z,13621,254573,TRUE,FALSE,TRUE,2020-01-01T00:00:00Z,2020-03-31T00:00:00Z,59,90,0.655555556
1774,7.7,2020-02-28T21:36:00Z,13621,254573,TRUE,FALSE,TRUE,2020-01-01T00:00:00Z,2020-03-31T00:00:00Z,59,90,0.655555556
1775,9.3,2020-02-28T21:36:00Z,13621,254573,TRUE,FALSE,TRUE,2020-01-01T00:00:00Z,2020-03-31T00:00:00Z,59,90,0.655555556
1785,7.8,2020-02-28T21:36:00Z,13621,254573,TRUE,FALSE,TRUE,2020-01-01T00:00:00Z,2020-03-31T00:00:00Z,59,90,0.655555556
1787,7.8,2020-02-28T21:36:00Z,13621,254573,TRUE,FALSE,TRUE,2020-01-01T00:00:00Z,2020-03-31T00:00:00Z,59,90,0.655555556
1788,22.8,2020-02-28T21:36:00Z,13621,254573,TRUE,FALSE,TRUE,2020-01-01T00:00:00Z,2020-03-31T00:00:00Z,59,90,0.655555556
1789,22.9,2020-02-28T21:36:00Z,13621,254573,TRUE,FALSE,TRUE,2020-01-01T00:00:00Z,2020-03-31T00:00:00Z,59,90,0.655555556
1791,22.9,2020-02-28T21:36:00Z,13621,254573,TRUE,FALSE,TRUE,2020-01-01T00:00:00Z,2020-03-31T00:00:00Z,59,90,0.655555556
1793,22.9,2020-02-28T21:36:00Z,13621,254573,TRUE,FALSE,TRUE,2020-01-01T00:00:00Z,2020-03-31T00:00:00Z,59,90,0.655555556
1812,211.2,2020-02-29T21:12:00Z,13621,254573,TRUE,FALSE,TRUE,2020-01-01T00:00:00Z,2020-03-31T00:00:00Z,60,90,0.666666667
1813,13,2020-02-29T21:12:00Z,13621,254573,TRUE,FALSE,TRUE,2020-01-01T00:00:00Z,2020-03-31T00:00:00Z,60,90,0.666666667
1818,13,2020-02-29T21:12:00Z,13621,254573,TRUE,FALSE,TRUE,2020-01-01T00:00:00Z,2020-03-31T00:00:00Z,60,90,0.666666667
1819,13,2020-02-29T21:12:00Z,13621,254573,TRUE,FALSE,TRUE,2020-01-01T00:00:00Z,2020-03-31T00:00:00Z,60,90,0.666666667
1821,10.5,2020-02-29T21:12:00Z,13621,254573,TRUE,FALSE,TRUE,2020-01-01T00:00:00Z,2020-03-31T00:00:00Z,60,90,0.666666667
1822,10.5,2020-02-29T21:12:00Z,13621,254573,TRUE,FALSE,TRUE,2020-01-01T00:00:00Z,2020-03-31T00:00:00Z,60,90,0.666666667
1993,44,2020-03-05T21:18:00Z,13621,254573,TRUE,FALSE,TRUE,2020-01-01T00:00:00Z,2020-03-31T00:00:00Z,65,90,0.722222222
1994,4.8,2020-03-05T21:18:00Z,13621,254573,TRUE,FALSE,TRUE,2020-01-01T00:00:00Z,2020-03-31T00:00:00Z,65,90,0.722222222
1995,4.8,2020-03-05T21:18:00Z,13621,254573,TRUE,FALSE,TRUE,2020-01-01T00:00:00Z,2020-03-31T00:00:00Z,65,90,0.722222222
2044,1.9,2020-03-06T09:42:00Z,13621,254573,TRUE,FALSE,TRUE,2020-01-01T00:00:00Z,2020-03-31T00:00:00Z,66,90,0.733333333
2048,0.7,2020-03-06T09:42:00Z,13621,254573,TRUE,FALSE,TRUE,2020-01-01T00:00:00Z,2020-03-31T00:00:00Z,66,90,0.733333333
2049,0.7,2020-03-06T09:42:00Z,13621,254573,TRUE,FALSE,TRUE,2020-01-01T00:00:00Z,2020-03-31T00:00:00Z,66,90,0.733333333
2050,0.7,2020-03-06T09:42:00Z,13621,254573,TRUE,FALSE,TRUE,2020-01-01T00:00:00Z,2020-03-31T00:00:00Z,66,90,0.733333333
2051,1.6,2020-03-06T09:42:00Z,13621,254573,TRUE,FALSE,TRUE,2020-01-01T00:00:00Z,2020-03-31T00:00:00Z,66,90,0.733333333
2052,2.7,2020-03-06T09:42:00Z,13621,254573,TRUE,FALSE,TRUE,2020-01-01T00:00:00Z,2020-03-31T00:00:00Z,66,90,0.733333333
2053,1.1,2020-03-06T09:42:00Z,13621,254573,TRUE,FALSE,TRUE,2020-01-01T00:00:00Z,2020-03-31T00:00:00Z,66,90,0.733333333
2054,1.9,2020-03-06T09:42:00Z,13621,254573,TRUE,FALSE,TRUE,2020-01-01T00:00:00Z,2020-03-31T00:00:00Z,66,90,0.733333333
2074,7.5,2020-03-06T21:00:00Z,13621,254573,TRUE,FALSE,TRUE,2020-01-01T00:00:00Z,2020-03-31T00:00:00Z,66,90,0.733333333
2075,24.3,2020-03-06T21:00:00Z,13621,254573,TRUE,FALSE,TRUE,2020-01-01T00:00:00Z,2020-03-31T00:00:00Z,66,90,0.733333333
2076,5.1,2020-03-06T21:00:00Z,13621,254573,TRUE,FALSE,TRUE,2020-01-01T00:00:00Z,2020-03-31T00:00:00Z,66,90,0.733333333
2077,2.4,2020-03-06T21:00:00Z,13621,254573,TRUE,FALSE,TRUE,2020-01-01T00:00:00Z,2020-03-31T00:00:00Z,66,90,0.733333333
2078,24.3,2020-03-06T21:00:00Z,13621,254573,TRUE,FALSE,TRUE,2020-01-01T00:00:00Z,2020-03-31T00:00:00Z,66,90,0.733333333
2079,24.3,2020-03-06T21:00:00Z,13621,254573,TRUE,FALSE,TRUE,2020-01-01T00:00:00Z,2020-03-31T00:00:00Z,66,90,0.733333333
2080,79.3,2020-03-06T21:00:00Z,13621,254573,TRUE,FALSE,TRUE,2020-01-01T00:00:00Z,2020-03-31T00:00:00Z,66,90,0.733333333
2081,79.3,2020-03-06T21:00:00Z,13621,254573,TRUE,FALSE,TRUE,2020-01-01T00:00:00Z,2020-03-31T00:00:00Z,66,90,0.733333333
2082,12.9,2020-03-06T21:00:00Z,13621,254573,TRUE,FALSE,TRUE,2020-01-01T00:00:00Z,2020-03-31T00:00:00Z,66,90,0.733333333
217071,1.85,2020-02-25T21:36:00Z,13621,254573,TRUE,FALSE,TRUE,2020-01-01T00:00:00Z,2020-03-31T00:00:00Z,56,90,0.622222222
217125,20.22,2020-02-26T21:18:00Z,13621,254573,TRUE,FALSE,TRUE,2020-01-01T00:00:00Z,2020-03-31T00:00:00Z,57,90,0.633333333
217126,20.22,2020-02-26T21:18:00Z,13621,254573,TRUE,FALSE,TRUE,2020-01-01T00:00:00Z,2020-03-31T00:00:00Z,57,90,0.633333333
217127,20.22,2020-02-26T21:18:00Z,13621,254573,TRUE,FALSE,TRUE,2020-01-01T00:00:00Z,2020-03-31T00:00:00Z,57,90,0.633333333
217128,17.84,2020-02-26T21:18:00Z,13621,254573,TRUE,FALSE,TRUE,2020-01-01T00:00:00Z,2020-03-31T00:00:00Z,57,90,0.633333333
217129,42.56,2020-02-26T21:18:00Z,13621,254573,TRUE,FALSE,TRUE,2020-01-01T00:00:00Z,2020-03-31T00:00:00Z,57,90,0.633333333
217178,1.91,2020-02-27T09:42:00Z,13621,254573,TRUE,FALSE,TRUE,2020-01-01T00:00:00Z,2020-03-31T00:00:00Z,58,90,0.644444444
217179,1.19,2020-02-27T09:42:00Z,13621,254573,TRUE,FALSE,TRUE,2020-01-01T00:00:00Z,2020-03-31T00:00:00Z,58,90,0.644444444
217180,2.07,2020-02-27T09:42:00Z,13621,254573,TRUE,FALSE,TRUE,2020-01-01T00:00:00Z,2020-03-31T00:00:00Z,58,90,0.644444444
217181,2.07,2020-02-27T09:42:00Z,13621,254573,TRUE,FALSE,TRUE,2020-01-01T00:00:00Z,2020-03-31T00:00:00Z,58,90,0.644444444
217182,1.09,2020-02-27T09:42:00Z,13621,254573,TRUE,FALSE,TRUE,2020-01-01T00:00:00Z,2020-03-31T00:00:00Z,58,90,0.644444444
217183,1.35,2020-02-27T09:42:00Z,13621,254573,TRUE,FALSE,TRUE,2020-01-01T00:00:00Z,2020-03-31T00:00:00Z,58,90,0.644444444
217203,21.29,2020-02-27T21:00:00Z,13621,254573,TRUE,FALSE,TRUE,2020-01-01T00:00:00Z,2020-03-31T00:00:00Z,58,90,0.644444444
217204,5.71,2020-02-27T21:00:00Z,13621,254573,TRUE,FALSE,TRUE,2020-01-01T00:00:00Z,2020-03-31T00:00:00Z,58,90,0.644444444
217205,3.68,2020-02-27T21:00:00Z,13621,254573,TRUE,FALSE,TRUE,2020-01-01T00:00:00Z,2020-03-31T00:00:00Z,58,90,0.644444444
217206,3.95,2020-02-27T21:00:00Z,13621,254573,TRUE,FALSE,TRUE,2020-01-01T00:00:00Z,2020-03-31T00:00:00Z,58,90,0.644444444
217269,35.74,2020-02-28T20:42:00Z,13621,254573,TRUE,FALSE,TRUE,2020-01-01T00:00:00Z,2020-03-31T00:00:00Z,59,90,0.655555556
217270,11,2020-02-28T20:42:00Z,13621,254573,TRUE,FALSE,TRUE,2020-01-01T00:00:00Z,2020-03-31T00:00:00Z,59,90,0.655555556
217271,35,2020-02-28T20:42:00Z,13621,254573,TRUE,FALSE,TRUE,2020-01-01T00:00:00Z,2020-03-31T00:00:00Z,59,90,0.655555556
217272,13.32,2020-02-28T20:42:00Z,13621,254573,TRUE,FALSE,TRUE,2020-01-01T00:00:00Z,2020-03-31T00:00:00Z,59,90,0.655555556
217274,13.32,2020-02-28T20:42:00Z,13621,254573,TRUE,FALSE,TRUE,2020-01-01T00:00:00Z,2020-03-31T00:00:00Z,59,90,0.655555556
217275,13.32,2020-02-28T20:42:00Z,13621,254573,TRUE,FALSE,TRUE,2020-01-01T00:00:00Z,2020-03-31T00:00:00Z,59,90,0.655555556
217276,22.87,2020-02-28T20:42:00Z,13621,254573,TRUE,FALSE,TRUE,2020-01-01T00:00:00Z,2020-03-31T00:00:00Z,59,90,0.655555556
217277,6.74,2020-02-28T20:42:00Z,13621,254573,TRUE,FALSE,TRUE,2020-01-01T00:00:00Z,2020-03-31T00:00:00Z,59,90,0.655555556
217278,22.87,2020-02-28T20:42:00Z,13621,254573,TRUE,FALSE,TRUE,2020-01-01T00:00:00Z,2020-03-31T00:00:00Z,59,90,0.655555556
217279,14.06,2020-02-28T20:42:00Z,13621,254573,TRUE,FALSE,TRUE,2020-01-01T00:00:00Z,2020-03-31T00:00:00Z,59,90,0.655555556
217280,5.02,2020-02-28T20:42:00Z,13621,254573,TRUE,FALSE,TRUE,2020-01-01T00:00:00Z,2020-03-31T00:00:00Z,59,90,0.655555556
217281,14.06,2020-02-28T20:42:00Z,13621,254573,TRUE,FALSE,TRUE,2020-01-01T00:00:00Z,2020-03-31T00:00:00Z,59,90,0.655555556
217282,5.02,2020-02-28T20:42:00Z,13621,254573,TRUE,FALSE,TRUE,2020-01-01T00:00:00Z,2020-03-31T00:00:00Z,59,90,0.655555556
217302,1.63,2020-02-29T10:42:00Z,13621,254573,TRUE,FALSE,TRUE,2020-01-01T00:00:00Z,2020-03-31T00:00:00Z,60,90,0.666666667
217476,7.62,2020-03-04T20:48:00Z,13621,254573,TRUE,FALSE,TRUE,2020-01-01T00:00:00Z,2020-03-31T00:00:00Z,64,90,0.711111111
217526,11.6,2020-03-05T20:30:00Z,13621,254573,TRUE,FALSE,TRUE,2020-01-01T00:00:00Z,2020-03-31T00:00:00Z,65,90,0.722222222
217527,25.96,2020-03-05T20:30:00Z,13621,254573,TRUE,FALSE,TRUE,2020-01-01T00:00:00Z,2020-03-31T00:00:00Z,65,90,0.722222222
217528,25.96,2020-03-05T20:30:00Z,13621,254573,TRUE,FALSE,TRUE,2020-01-01T00:00:00Z,2020-03-31T00:00:00Z,65,90,0.722222222
217529,10.25,2020-03-05T20:30:00Z,13621,254573,TRUE,FALSE,TRUE,2020-01-01T00:00:00Z,2020-03-31T00:00:00Z,65,90,0.722222222
217530,4.6,2020-03-05T20:30:00Z,13621,254573,TRUE,FALSE,TRUE,2020-01-01T00:00:00Z,2020-03-31T00:00:00Z,65,90,0.722222222
217531,4.31,2020-03-05T20:30:00Z,13621,254573,TRUE,FALSE,TRUE,2020-01-01T00:00:00Z,2020-03-31T00:00:00Z,65,90,0.722222222
217532,48.01,2020-03-05T20:30:00Z,13621,254573,TRUE,FALSE,TRUE,2020-01-01T00:00:00Z,2020-03-31T00:00:00Z,65,90,0.722222222
217533,24.39,2020-03-05T20:30:00Z,13621,254573,TRUE,FALSE,TRUE,2020-01-01T00:00:00Z,2020-03-31T00:00:00Z,65,90,0.722222222
217534,24.39,2020-03-05T20:30:00Z,13621,254573,TRUE,FALSE,TRUE,2020-01-01T00:00:00Z,2020-03-31T00:00:00Z,65,90,0.722222222
217603,1.24,2020-03-06T08:48:00Z,13621,254573,TRUE,FALSE,TRUE,2020-01-01T00:00:00Z,2020-03-31T00:00:00Z,66,90,0.733333333
217604,1.24,2020-03-06T08:48:00Z,13621,254573,TRUE,FALSE,TRUE,2020-01-01T00:00:00Z,2020-03-31T00:00:00Z,66,90,0.733333333
217605,2.34,2020-03-06T08:48:00Z,13621,254573,TRUE,FALSE,TRUE,2020-01-01T00:00:00Z,2020-03-31T00:00:00Z,66,90,0.733333333
217606,2.34,2020-03-06T08:48:00Z,13621,254573,TRUE,FALSE,TRUE,2020-01-01T00:00:00Z,2020-03-31T00:00:00Z,66,90,0.733333333
217607,1.86,2020-03-06T08:48:00Z,13621,254573,TRUE,FALSE,TRUE,2020-01-01T00:00:00Z,2020-03-31T00:00:00Z,66,90,0.733333333
217610,0.54,2020-03-06T10:30:00Z,13621,254573,TRUE,FALSE,TRUE,2020-01-01T00:00:00Z,2020-03-31T00:00:00Z,66,90,0.733333333
217611,0.54,2020-03-06T10:30:00Z,13621,254573,TRUE,FALSE,TRUE,2020-01-01T00:00:00Z,2020-03-31T00:00:00Z,66,90,0.733333333
217625,34.4,2020-03-06T20:12:00Z,13621,254573,TRUE,FALSE,TRUE,2020-01-01T00:00:00Z,2020-03-31T00:00:00Z,66,90,0.733333333
217626,5.96,2020-03-06T20:12:00Z,13621,254573,TRUE,FALSE,TRUE,2020-01-01T00:00:00Z,2020-03-31T00:00:00Z,66,90,0.733333333
217627,53.83,2020-03-06T20:12:00Z,13621,254573,TRUE,FALSE,TRUE,2020-01-01T00:00:00Z,2020-03-31T00:00:00Z,66,90,0.733333333
217628,10.15,2020-03-06T20:12:00Z,13621,254573,TRUE,FALSE,TRUE,2020-01-01T00:00:00Z,2020-03-31T00:00:00Z,66,90,0.733333333
217629,53.83,2020-03-06T20:12:00Z,13621,254573,TRUE,FALSE,TRUE,2020-01-01T00:00:00Z,2020-03-31T00:00:00Z,66,90,0.733333333
217630,10.15,2020-03-06T20:12:00Z,13621,254573,TRUE,FALSE,TRUE,2020-01-01T00:00:00Z,2020-03-31T00:00:00Z,66,90,0.733333333
217631,10.15,2020-03-06T20:12:00Z,13621,254573,TRUE,FALSE,TRUE,2020-01-01T00:00:00Z,2020-03-31T00:00:00Z,66,90,0.733333333
217654,15.38,2020-03-06T21:54:00Z,13621,254573,TRUE,FALSE,TRUE,2020-01-01T00:00:00Z,2020-03-31T00:00:00Z,66,90,0.733333333
217655,15.38,2020-03-06T21:54:00Z,13621,254573,TRUE,FALSE,TRUE,2020-01-01T00:00:00Z,2020-03-31T00:00:00Z,66,90,0.733333333
217656,15.39,2020-03-06T21:54:00Z,13621,254573,TRUE,FALSE,TRUE,2020-01-01T00:00:00Z,2020-03-31T00:00:00Z,66,90,0.733333333
428000,2.82,2020-12-01T20:48:00Z,13477,253185,TRUE,FALSE,TRUE,2020-10-01T00:00:00Z,2020-12-31T00:00:00Z,62,91,0.681318681
2194,2,2020-03-12T20:48:00Z,13485,253249,TRUE,FALSE,TRUE,2020-01-01T00:00:00Z,2020-03-31T00:00:00Z,72,90,0.8
2194,2,2020-03-12T20:48:00Z,13485,253252,TRUE,FALSE,TRUE,2020-01-01T00:00:00Z,2020-03-31T00:00:00Z,72,90,0.8
3634,13.4,2020-06-09T21:18:00Z,12926,239403,TRUE,FALSE,TRUE,2020-04-01T00:00:00Z,2020-06-30T00:00:00Z,70,90,0.777777778
3644,11.6,2020-06-09T21:18:00Z,12926,239403,TRUE,FALSE,TRUE,2020-04-01T00:00:00Z,2020-06-30T00:00:00Z,70,90,0.777777778
3709,6.2,2020-06-10T09:42:00Z,12926,239403,TRUE,FALSE,TRUE,2020-04-01T00:00:00Z,2020-06-30T00:00:00Z,71,90,0.788888889
3710,23.4,2020-06-10T09:42:00Z,12926,239403,TRUE,FALSE,TRUE,2020-04-01T00:00:00Z,2020-06-30T00:00:00Z,71,90,0.788888889
3711,6.2,2020-06-10T09:42:00Z,12926,239403,TRUE,FALSE,TRUE,2020-04-01T00:00:00Z,2020-06-30T00:00:00Z,71,90,0.788888889
3712,12,2020-06-10T09:42:00Z,12926,239403,TRUE,FALSE,TRUE,2020-04-01T00:00:00Z,2020-06-30T00:00:00Z,71,90,0.788888889
3713,10.6,2020-06-10T09:42:00Z,12926,239403,TRUE,FALSE,TRUE,2020-04-01T00:00:00Z,2020-06-30T00:00:00Z,71,90,0.788888889
3714,12,2020-06-10T09:42:00Z,12926,239403,TRUE,FALSE,TRUE,2020-04-01T00:00:00Z,2020-06-30T00:00:00Z,71,90,0.788888889
3715,12,2020-06-10T09:42:00Z,12926,239403,TRUE,FALSE,TRUE,2020-04-01T00:00:00Z,2020-06-30T00:00:00Z,71,90,0.788888889
3772,5.4,2020-06-11T09:24:00Z,12926,239403,TRUE,FALSE,TRUE,2020-04-01T00:00:00Z,2020-06-30T00:00:00Z,72,90,0.8
3774,2.8,2020-06-11T09:24:00Z,12926,239403,TRUE,FALSE,TRUE,2020-04-01T00:00:00Z,2020-06-30T00:00:00Z,72,90,0.8
3786,8.6,2020-06-11T09:24:00Z,12926,239403,TRUE,FALSE,TRUE,2020-04-01T00:00:00Z,2020-06-30T00:00:00Z,72,90,0.8
3787,8.6,2020-06-11T09:24:00Z,12926,239403,TRUE,FALSE,TRUE,2020-04-01T00:00:00Z,2020-06-30T00:00:00Z,72,90,0.8
3788,8.6,2020-06-11T09:24:00Z,12926,239403,TRUE,FALSE,TRUE,2020-04-01T00:00:00Z,2020-06-30T00:00:00Z,72,90,0.8
3789,9.5,2020-06-11T09:24:00Z,12926,239403,TRUE,FALSE,TRUE,2020-04-01T00:00:00Z,2020-06-30T00:00:00Z,72,90,0.8
3790,5.2,2020-06-11T09:24:00Z,12926,239403,TRUE,FALSE,TRUE,2020-04-01T00:00:00Z,2020-06-30T00:00:00Z,72,90,0.8
3797,12.4,2020-06-11T11:00:00Z,12926,239403,TRUE,FALSE,TRUE,2020-04-01T00:00:00Z,2020-06-30T00:00:00Z,72,90,0.8
3798,7.4,2020-06-11T11:00:00Z,12926,239403,TRUE,FALSE,TRUE,2020-04-01T00:00:00Z,2020-06-30T00:00:00Z,72,90,0.8
3800,7.8,2020-06-11T20:42:00Z,12926,239403,TRUE,FALSE,TRUE,2020-04-01T00:00:00Z,2020-06-30T00:00:00Z,72,90,0.8
3801,7.8,2020-06-11T20:42:00Z,12926,239403,TRUE,FALSE,TRUE,2020-04-01T00:00:00Z,2020-06-30T00:00:00Z,72,90,0.8
3802,7.8,2020-06-11T20:42:00Z,12926,239403,TRUE,FALSE,TRUE,2020-04-01T00:00:00Z,2020-06-30T00:00:00Z,72,90,0.8
3803,5.1,2020-06-11T20:42:00Z,12926,239403,TRUE,FALSE,TRUE,2020-04-01T00:00:00Z,2020-06-30T00:00:00Z,72,90,0.8
3804,5.1,2020-06-11T20:42:00Z,12926,239403,TRUE,FALSE,TRUE,2020-04-01T00:00:00Z,2020-06-30T00:00:00Z,72,90,0.8
3805,5.1,2020-06-11T20:42:00Z,12926,239403,TRUE,FALSE,TRUE,2020-04-01T00:00:00Z,2020-06-30T00:00:00Z,72,90,0.8
219169,3.35,2020-06-10T08:48:00Z,12926,239403,TRUE,FALSE,TRUE,2020-04-01T00:00:00Z,2020-06-30T00:00:00Z,71,90,0.788888889
219170,2.04,2020-06-10T08:48:00Z,12926,239403,TRUE,FALSE,TRUE,2020-04-01T00:00:00Z,2020-06-30T00:00:00Z,71,90,0.788888889
219171,2.04,2020-06-10T08:48:00Z,12926,239403,TRUE,FALSE,TRUE,2020-04-01T00:00:00Z,2020-06-30T00:00:00Z,71,90,0.788888889
219172,3.34,2020-06-10T08:48:00Z,12926,239403,TRUE,FALSE,TRUE,2020-04-01T00:00:00Z,2020-06-30T00:00:00Z,71,90,0.788888889
219173,3.34,2020-06-10T08:48:00Z,12926,239403,TRUE,FALSE,TRUE,2020-04-01T00:00:00Z,2020-06-30T00:00:00Z,71,90,0.788888889
219237,11.44,2020-06-10T10:30:00Z,12926,239403,TRUE,FALSE,TRUE,2020-04-01T00:00:00Z,2020-06-30T00:00:00Z,71,90,0.788888889
219238,11.44,2020-06-10T10:30:00Z,12926,239403,TRUE,FALSE,TRUE,2020-04-01T00:00:00Z,2020-06-30T00:00:00Z,71,90,0.788888889
219239,19.89,2020-06-10T10:30:00Z,12926,239403,TRUE,FALSE,TRUE,2020-04-01T00:00:00Z,2020-06-30T00:00:00Z,71,90,0.788888889
219294,5.24,2020-06-10T20:12:00Z,12926,239403,TRUE,FALSE,TRUE,2020-04-01T00:00:00Z,2020-06-30T00:00:00Z,71,90,0.788888889
219295,5.24,2020-06-10T20:12:00Z,12926,239403,TRUE,FALSE,TRUE,2020-04-01T00:00:00Z,2020-06-30T00:00:00Z,71,90,0.788888889
219331,14.55,2020-06-10T21:54:00Z,12926,239403,TRUE,FALSE,TRUE,2020-04-01T00:00:00Z,2020-06-30T00:00:00Z,71,90,0.788888889
219332,12.98,2020-06-10T21:54:00Z,12926,239403,TRUE,FALSE,TRUE,2020-04-01T00:00:00Z,2020-06-30T00:00:00Z,71,90,0.788888889
219333,8.23,2020-06-10T21:54:00Z,12926,239403,TRUE,FALSE,TRUE,2020-04-01T00:00:00Z,2020-06-30T00:00:00Z,71,90,0.788888889
219342,9.36,2020-06-11T10:12:00Z,12926,239403,TRUE,FALSE,TRUE,2020-04-01T00:00:00Z,2020-06-30T00:00:00Z,72,90,0.8
219343,6.6,2020-06-11T10:12:00Z,12926,239403,TRUE,FALSE,TRUE,2020-04-01T00:00:00Z,2020-06-30T00:00:00Z,72,90,0.8
219344,11.5,2020-06-11T10:12:00Z,12926,239403,TRUE,FALSE,TRUE,2020-04-01T00:00:00Z,2020-06-30T00:00:00Z,72,90,0.8
219345,12.79,2020-06-11T10:12:00Z,12926,239403,TRUE,FALSE,TRUE,2020-04-01T00:00:00Z,2020-06-30T00:00:00Z,72,90,0.8
219385,15.25,2020-06-11T21:30:00Z,12926,239403,TRUE,FALSE,TRUE,2020-04-01T00:00:00Z,2020-06-30T00:00:00Z,72,90,0.8
219386,9.62,2020-06-11T21:30:00Z,12926,239403,TRUE,FALSE,TRUE,2020-04-01T00:00:00Z,2020-06-30T00:00:00Z,72,90,0.8
219387,6.22,2020-06-11T21:30:00Z,12926,239403,TRUE,FALSE,TRUE,2020-04-01T00:00:00Z,2020-06-30T00:00:00Z,72,90,0.8
219388,0.87,2020-06-12T09:54:00Z,12926,239403,TRUE,FALSE,TRUE,2020-04-01T00:00:00Z,2020-06-30T00:00:00Z,73,90,0.811111111
219389,0.87,2020-06-12T09:54:00Z,12926,239403,TRUE,FALSE,TRUE,2020-04-01T00:00:00Z,2020-06-30T00:00:00Z,73,90,0.811111111
219390,0.87,2020-06-12T09:54:00Z,12926,239403,TRUE,FALSE,TRUE,2020-04-01T00:00:00Z,2020-06-30T00:00:00Z,73,90,0.811111111
219722,0.67,2020-06-23T09:48:00Z,12926,239403,TRUE,FALSE,TRUE,2020-04-01T00:00:00Z,2020-06-30T00:00:00Z,84,90,0.933333333
217220,2.05,2020-02-27T21:00:00Z,14544,74066,TRUE,TRUE,FALSE,2020-02-24T00:00:00Z,2020-02-28T00:00:00Z,4,4,1
